field,first_month,last_month,monthly_records,total_oil_mill_sm3,avg_monthly_oil_mill_sm3,total_gas_bill_sm3,total_water_mill_sm3,total_oe_mill_sm3
TROLL,1990-01-01,2026-03-01,435,295.1086,0.6784,903.8435,498.1957,1230.5253
STATFJORD,1979-11-01,2026-03-01,557,579.3323,1.0401,82.7886,625.2848,705.9096
EKOFISK,1971-06-01,2026-03-01,658,507.7091,0.7716,151.5114,278.8981,688.09
OSEBERG,1986-09-01,2026-03-01,475,398.7749,0.8395,95.7958,68.3685,521.6074
ÅSGARD,1999-05-01,2026-03-01,323,107.567,0.333,224.1268,13.9078,427.6611
GULLFAKS,1986-12-01,2026-03-01,472,380.3605,0.8058,23.0774,502.0703,408.6259
ORMEN LANGE,2007-08-01,2026-03-01,224,0.0,0.0,275.5955,0.002,293.3621
SNORRE,1992-08-01,2026-03-01,404,253.6649,0.6279,6.4314,215.5403,269.109
SLEIPNER ØST,1993-08-01,2026-03-01,392,0.4269,0.0011,197.815,1.3488,250.4184
JOHAN SVERDRUP,2019-08-01,2026-03-01,80,219.496,2.7437,7.4643,30.4856,231.989
HEIDRUN,1995-10-01,2026-03-01,366,179.7518,0.4911,32.4379,99.4932,214.7488
ELDFISK,1979-08-01,2026-03-01,560,131.2474,0.2344,43.1246,41.6894,183.4517
GULLFAKS SØR,1998-10-01,2026-03-01,330,62.5469,0.1895,96.3386,19.7674,181.2875
VALHALL,1982-10-01,2026-03-01,522,133.2602,0.2553,25.2068,16.4542,166.4784
DRAUGEN,1993-10-01,2026-03-01,390,147.0184,0.377,2.3622,207.7297,154.7138
KVITEBJØRN,2004-09-01,2026-03-01,259,31.3718,0.1211,101.1163,3.483,144.4345
GRANE,1996-07-01,2026-03-01,274,138.2865,0.5047,0.0,84.8839,138.2865
FRIGG,1977-09-01,2004-10-01,326,0.0,0.0,116.169,0.0649,116.6292
NORNE,1997-11-01,2026-03-01,341,93.4977,0.2742,12.1805,129.3279,108.0076
SNØHVIT,2007-08-01,2026-03-01,224,0.0,0.0,85.0053,0.2275,104.4508
VISUND,1999-04-01,2026-03-01,324,39.6015,0.1222,56.1652,26.5655,101.345
SKARV,2012-01-01,2026-03-01,171,22.3604,0.1308,59.9152,1.9983,93.4217
SLEIPNER VEST,1996-08-01,2026-03-01,356,5.7904,0.0163,34.6987,3.8598,89.9768
ULA,1986-10-01,2026-03-01,474,77.3213,0.1631,3.854,70.4766,86.7534
BALDER,1991-05-01,2026-03-01,323,80.7403,0.25,1.8881,109.2876,82.6283
OSEBERG SØR,2000-02-01,2026-03-01,314,64.3836,0.205,16.887,48.4197,81.2705
GJØA,2010-11-01,2026-03-01,185,15.3653,0.0831,42.8089,5.8334,79.9707
TYRIHANS,2009-01-01,2026-03-01,207,34.6974,0.1676,33.6088,9.1784,76.952
TORDIS,1994-06-01,2026-03-01,382,67.602,0.177,5.0422,75.185,76.2768
VIGDIS,1997-01-01,2026-03-01,351,69.6617,0.1985,1.9228,87.529,74.1369
BRAGE,1993-09-01,2026-03-01,391,62.9087,0.1609,4.7704,266.9657,70.7195
KRISTIN,2005-10-01,2026-03-01,246,23.3189,0.0948,30.2471,11.5759,67.8984
ALVHEIM,2008-06-01,2026-03-01,214,55.7608,0.2606,9.8397,69.6619,65.6005
VESLEFRIKK,1989-12-01,2025-04-01,414,55.3474,0.1337,4.1924,92.0788,62.9836
FRAM,2003-10-01,2026-03-01,270,43.8981,0.1626,13.8573,13.4809,59.6819
AASTA HANSTEEN,2018-08-01,2026-03-01,92,0.0,0.0,57.1703,0.1396,58.379
MIKKEL,2003-08-01,2026-03-01,272,5.9254,0.0218,31.0358,0.2525,54.5581
HEIMDAL,1985-12-01,2026-03-01,484,6.6644,0.0138,46.2035,0.0,52.8678
EDVARD GRIEG,2015-11-01,2026-03-01,125,43.5762,0.3486,4.0225,13.3285,49.8162
STATFJORD ØST,1994-09-01,2026-03-01,379,39.0851,0.1031,4.8019,44.1071,47.0734
STATFJORD NORD,1995-01-01,2026-03-01,375,42.1153,0.1123,2.6328,80.5841,46.4796
GYDA,1990-06-01,2025-06-01,366,36.2718,0.0991,6.1956,18.7797,46.4089
NJORD,1997-09-01,2026-03-01,343,27.5147,0.0802,12.6525,1.621,45.3271
VEGA,2010-12-01,2026-03-01,184,9.4999,0.0516,21.1372,0.5521,42.1816
TOR,1978-06-01,2026-03-01,517,27.3987,0.053,11.2842,6.741,41.1869
VEST EKOFISK,1977-05-01,1998-07-01,255,12.1536,0.0477,25.9745,0.0,41.0381
GUDRUN,2014-03-01,2026-03-01,145,21.9958,0.1517,15.4112,3.9783,40.5548
ODIN,1984-04-01,1994-08-01,125,0.0,0.0,27.2591,0.0,27.4747
ALBUSKJELL,1979-05-01,1998-07-01,231,7.3541,0.0318,15.5345,0.0,24.8947
GINA KROG,2017-03-01,2026-03-01,109,9.0636,0.0832,14.2906,0.2345,24.7989
OSEBERG ØST,1999-05-01,2026-03-01,323,24.0668,0.0745,0.3988,43.7934,24.4654
TUNE,2002-11-01,2026-03-01,281,3.6314,0.0129,20.4052,0.4652,24.3019
JOTUN,1999-10-01,2026-03-01,262,23.1355,0.0883,0.8845,90.0584,24.0199
IVAR AASEN,2016-12-01,2026-03-01,112,18.7583,0.1675,3.5636,22.8265,23.6012
HULDRA,2001-01-01,2024-02-01,263,5.2124,0.0198,17.2405,3.4914,22.6754
GOLIAT,2016-03-01,2026-03-01,121,22.0972,0.1826,0.0,11.622,22.0972
SIGYN,2002-12-01,2026-03-01,280,1.0345,0.0037,7.6331,1.9305,19.957
EMBLA,1993-05-01,2026-03-01,395,11.9272,0.0302,5.3432,0.2039,18.507
VALEMON,2014-12-01,2026-03-01,136,2.0064,0.0148,14.6382,0.7538,16.7728
VARG,1998-12-01,2016-07-01,212,16.3327,0.077,0.296,15.5306,16.6898
MORVIN,2010-08-01,2026-03-01,188,9.6227,0.0512,4.5089,0.2069,16.0176
MARTIN LINGE,2021-06-01,2026-03-01,58,6.1289,0.1057,8.8434,8.3538,15.9346
ALVE,2009-01-01,2026-03-01,207,2.455,0.0119,9.9582,0.1268,15.5039
MURCHISON,1980-10-01,2014-02-01,401,13.8615,0.0346,0.3479,29.548,14.8316
TOMMELITEN GAMMA,1988-10-01,1998-07-01,118,3.8738,0.0328,9.6928,0.0,14.7466
HOD,1990-10-01,2026-03-01,426,11.9465,0.028,1.9006,2.3003,14.4925
VILJE,2008-06-01,2026-03-01,214,13.9133,0.065,0.5402,11.9044,14.4535
RINGHORNE ØST,2006-03-01,2026-03-01,241,13.5113,0.0561,0.2669,17.6427,13.7781
VOLUND,2008-06-01,2026-03-01,214,12.0477,0.0563,1.5974,10.1824,13.6451
SKIRNE,2004-03-01,2026-03-01,265,2.0522,0.0077,11.1683,0.0368,13.2203
TAMBAR,2001-07-01,2026-03-01,297,12.2156,0.0411,0.0,0.4044,12.8296
NORDØST FRIGG,1983-12-01,1993-08-01,117,0.0,0.0,11.5938,0.0,11.6725
YME,1996-02-01,2026-03-01,120,11.6283,0.0969,0.0,5.2002,11.6283
KNARR,2015-03-01,2024-01-01,105,9.6044,0.0915,0.4195,11.7801,11.416
VOLVE,2008-02-01,2017-07-01,114,10.172,0.0892,0.8125,15.3436,11.3772
SYGNA,2000-08-01,2026-03-01,308,11.3754,0.0369,0.0,29.7354,11.3754
COD,1977-11-01,1998-07-01,249,2.8793,0.0116,7.2793,0.0,11.2146
MARULK,2012-02-01,2026-03-01,170,0.6769,0.004,9.0619,0.104,11.168
GUNGNE,1996-04-01,2026-03-01,360,0.359,0.001,1.832,1.0632,10.6496
VISUND SØR,2012-11-01,2026-03-01,161,2.7915,0.0173,5.6473,1.8747,9.9144
SVALIN,2014-03-01,2026-03-01,145,9.3046,0.0642,0.0,14.8259,9.3046
ØST FRIGG,1988-08-01,1998-01-01,114,0.0,0.0,9.2211,0.0,9.288
JOHAN CASTBERG,2025-03-01,2026-03-01,13,9.0398,0.6954,0.0,0.1928,9.0398
BREIDABLIKK,2021-08-01,2026-03-01,48,8.962,0.1867,0.0,0.7774,8.962
GLITNE,2001-08-01,2013-02-01,139,8.8806,0.0639,0.0,22.0035,8.8806
URD,2005-11-01,2026-03-01,245,8.1923,0.0334,0.2875,12.0726,8.5471
MARIA,2017-11-01,2026-03-01,101,7.1741,0.071,0.4348,0.7589,7.9136
HUGIN SATELLITTER,1995-05-01,2001-05-01,73,5.5537,0.0761,1.6058,0.0577,7.2647
EDDA,1979-12-01,1998-07-01,224,4.8175,0.0215,1.9765,0.0,7.2126
DUVA,2021-06-01,2026-03-01,58,3.4871,0.0601,2.5946,1.5722,6.4202
TOMMELITEN A,2023-10-01,2026-03-01,30,2.4689,0.0823,3.5063,0.0633,6.2721
DVALIN,2020-11-01,2026-03-01,65,0.1528,0.0024,5.9612,0.1033,6.1893
TRYM,2011-02-01,2026-03-01,135,1.7424,0.0129,3.9852,0.0036,5.7275
TRESTAKK,2019-06-01,2026-03-01,82,5.7121,0.0697,0.0,0.2101,5.7121
VALE,2002-06-01,2026-03-01,286,2.8455,0.0099,2.5091,0.0658,5.3545
SKULD,2013-02-01,2026-03-01,158,4.787,0.0303,0.3459,3.6845,5.251
SOLVEIG,2021-08-01,2026-03-01,56,4.0076,0.0716,0.6647,0.323,5.1716
NOVA,2022-03-01,2026-03-01,49,3.9968,0.0816,0.5989,0.7087,5.0367
ODA,2019-01-01,2026-03-01,87,4.6014,0.0529,0.0,2.0668,4.7546
GIMLE,2005-02-01,2026-03-01,254,3.2687,0.0129,1.0721,9.5561,4.7386
BØYLA,2015-01-01,2026-03-01,135,4.1399,0.0307,0.3683,2.7187,4.5082
REV,2009-01-01,2025-09-01,201,0.765,0.0038,2.7127,0.0568,3.6374
FULLA,1994-05-01,2001-05-01,85,1.3257,0.0156,2.186,0.0,3.5318
HYME,2013-02-01,2026-03-01,158,2.6606,0.0168,0.3913,2.6341,3.3333
FENJA,2022-12-01,2026-03-01,40,2.6846,0.0671,0.1259,0.715,2.8475
YTTERGRYTA,2009-01-01,2016-01-01,79,0.2933,0.0037,1.8116,0.0054,2.7906
HALTEN ØST,2025-02-01,2026-03-01,14,0.5591,0.0399,1.6036,0.0316,2.6433
UTGARD,2019-08-01,2026-03-01,80,1.0096,0.0126,1.1058,0.3334,2.426
ÆRFUGL NORD,2021-10-01,2026-03-01,54,0.1449,0.0027,1.8596,0.0783,2.211
TYRVING,2024-09-01,2026-03-01,19,2.016,0.1061,0.0621,0.3483,2.078
SKOGUL,2020-03-01,2026-03-01,73,1.7464,0.0239,0.1418,2.7435,1.8881
ATLA,2012-09-01,2026-03-01,163,0.2801,0.0017,1.4906,0.0078,1.7706
BAUGE,2022-09-01,2026-03-01,43,0.7373,0.0171,0.1433,0.0059,0.9963
BYRDING,2017-01-01,2026-03-01,111,0.8537,0.0077,0.0,0.7495,0.8537
BLANE,2007-05-01,2026-03-01,227,0.7992,0.0035,0.0,0.2857,0.8394
HANZ,2021-08-01,2026-03-01,41,0.4161,0.0101,0.3149,0.2988,0.8305
VERDANDE,2025-09-01,2026-03-01,7,0.6966,0.0995,0.0749,0.0,0.8032
GAUPE,2012-04-01,2018-08-01,77,0.2334,0.003,0.4596,0.0387,0.759
OSELVAR,2012-04-01,2025-06-01,89,0.677,0.0076,0.0,0.0291,0.7147
FRAM H-NORD,2014-07-01,2026-03-01,141,0.6502,0.0046,0.0,0.8058,0.6502
BRYNHILD,2014-12-01,2018-05-01,42,0.4919,0.0117,0.0,0.1581,0.4919
MIME,1990-10-01,1993-11-01,38,0.3748,0.0099,0.0847,0.0,0.4843
JETTE,2013-05-01,2017-07-01,51,0.4288,0.0084,0.0058,1.0758,0.4346
16/1-12 Troldhaugen,2021-08-01,2026-03-01,56,0.3142,0.0056,0.0506,0.55,0.3746
ENOCH,2007-05-01,2026-03-01,227,0.3676,0.0016,0.0,0.3454,0.3676
ISLAY,2012-04-01,2026-03-01,168,0.0052,0.0,0.0929,0.0,0.1066
7220/11-1 (Alta),2018-07-01,2018-09-01,3,0.1059,0.0353,0.0,0.0031,0.1059
FLYNDRE,2017-01-01,2026-03-01,111,0.0843,0.0008,0.0,0.0159,0.0902
33/9-6 DELTA,2009-07-01,2014-02-01,56,0.0689,0.0012,0.0,0.061,0.0689
TAMBAR ØST,2024-11-01,2026-03-01,13,0.0,0.0,0.0,0.0118,0.0
EIRIN,2025-12-01,2026-03-01,4,0.0,0.0,0.0,0.0,0.0
